name,category,phone,email,website,atdw_url,status
Bayside Beach House Mornington,Apartments-Units,,baysidebeachhousemornington@gmail.com,https://www.baysidebeachhousemornington.com/,https://www.visitmorningtonpeninsula.org/Accommodation/Apartments-Units/View/67459afb9a52870c780927d9/Bayside-Beach-House-Mornington,contact
Boathouse Resort Studios and Suites,Apartments-Units,0359888088,info@boathouseresort.com.au,https://www.boathouseresort.com.au/,https://www.visitmorningtonpeninsula.org/Accommodation/Apartments-Units/View/56b252f13ed14ca74532f5c0/Boathouse-Resort-Studios-and-Suites,contact
Carmel at Sorrento,Apartments-Units,0359843512,stay@carmelatsorrento.com.au,https://carmelatsorrento.com.au/,https://www.visitmorningtonpeninsula.org/Accommodation/Apartments-Units/View/5b877b7a0a2473997f7efcea/Carmel-at-Sorrento,contact
Cassis Red Hill,Apartments-Units,0359275027,enquiries@cassisredhill.com.au,https://www.cassisredhill.com.au/,https://www.visitmorningtonpeninsula.org/Accommodation/Apartments-Units/View/61b16a35d699c3e423b28444/Cassis-Red-Hill,contact
Moonlight Bay Apartments,Apartments-Units,0359857499,admin@moonlightbay.com.au,http://www.moonlightbay.com.au/,https://www.visitmorningtonpeninsula.org/Accommodation/Apartments-Units/View/_892e1b14b4cadb082e916e00/Moonlight-Bay-Apartments,contact
Nightelier Rye,Apartments-Units,0359852277,ryehotel@nightelier.com.au,https://nightelier.nighteliercollective.com.au/content/alh-hotels/nightelier/web/home/our-hotels/nightelier-rye,https://www.visitmorningtonpeninsula.org/Accommodation/Apartments-Units/View/662afc2d39c70ad2300b58c9/Nightelier-Rye,contact
RACV Cape Schanck Resort,Apartments-Units,0359508000,capeschanck@resorts.racv.com.au,https://www.racv.com.au/travel-experiences/resorts/cape-schanck.html?cmpid=leisure:resorts:capeschanck:website:atdw,https://www.visitmorningtonpeninsula.org/Accommodation/Apartments-Units/View/56b24ec7b042386245d56baa/RACV-Cape-Schanck-Resort,contact
The Cambium,Apartments-Units,0359310226,curateyourstay@thecambium.com.au,https://www.thecambium.com.au,https://www.visitmorningtonpeninsula.org/Accommodation/Apartments-Units/View/6531e6bff96a93660bd86a63/The-Cambium,contact
Hart’s Farm Bed & Breakfast,Bed-Breakfast,0414238158,info@hartsfarm.com.au,http://hartsfarm.com.au/,https://www.visitmorningtonpeninsula.org/Accommodation/Bed-Breakfast/View/_62ba21e213fadc08fd2b2922/Hart’s-Farm-Bed-Breakfast,contact
Allocate Peninsula Holiday Rentals,Cottages + Holiday Houses,0412409088,al@allocatepeninsula.com.au,https://www.allocatepeninsula.com.au,https://www.visitmorningtonpeninsula.org/Accommodation/Cottages-Holiday-Houses/View/_d3e7dbeacdaddb086854035f/Allocate-Peninsula-Holiday-Rentals,contact
Amberlee Holiday Homes and Accommodation,Cottages + Holiday Houses,0359822122,stay@amberlee.com.au,https://www.amberlee.com.au/,https://www.visitmorningtonpeninsula.org/Accommodation/Cottages-Holiday-Houses/View/56b25989d5f1565045d9d011/Amberlee-Holiday-Homes-and-Accommodation,contact
Beach House Rentals,Cottages + Holiday Houses,0359844578,bookings@beachhouserentals.net.au,https://www.beachhouserentals.net.au/,https://www.visitmorningtonpeninsula.org/Accommodation/Cottages-Holiday-Houses/View/5bc672d4221c40ae0647744b/Beach-House-Rentals,contact
Blue Moon Cottages,Cottages + Holiday Houses,0468395085,info@bluemooncottages.com.au,https://www.bluemooncottages.com.au/,https://www.visitmorningtonpeninsula.org/Accommodation/Cottages-Holiday-Houses/View/56b24d233ed14ca745329f37/Blue-Moon-Cottages,contact
Bookabreak.com.au,Cottages + Holiday Houses,,reservations@bookabreak.com.au,,https://www.visitmorningtonpeninsula.org/Accommodation/Cottages-Holiday-Houses/View/_ec221f595cdb83f269cd70c/Bookabreak-com-au,contact
Coastal Haven Tootgarook,Cottages + Holiday Houses,0414518569,libbywalkenhorst@hotmail.com,https://airbnb.com.au/h/coastal-haven-tootgarook,https://www.visitmorningtonpeninsula.org/Accommodation/Cottages-Holiday-Houses/View/_28f3871e97bbde088b2261de/Coastal-Haven-Tootgarook,contact
Crittenden Lakeside Villas,Cottages + Holiday Houses,0400339995,info@lakesidevillas.com.au,https://www.lakesidevillas.com.au/,https://www.visitmorningtonpeninsula.org/Accommodation/Cottages-Holiday-Houses/View/56b25997b042386245d5f8a4/Crittenden-Lakeside-Villas,contact
Farm Stays at Wilindi Estate,Cottages + Holiday Houses,0413847766,miriam@wilindiestate.com,https://wilindiestate.com/reservation/,https://www.visitmorningtonpeninsula.org/Accommodation/Cottages-Holiday-Houses/View/_2c3a452c385f6b70ac2609f/Farm-Stays-at-Wilindi-Estate,contact
Gathering Shores,Cottages + Holiday Houses,,,,https://www.visitmorningtonpeninsula.org/Accommodation/Cottages-Holiday-Houses/View/_41b98589d9212c94b7f03a6/Gathering-Shores,no_contact
Holiday Shacks Luxury Accommodation,Cottages + Holiday Houses,1300161780,enquiries@holidayshacks.com.au,https://www.holidayshacks.com.au/,https://www.visitmorningtonpeninsula.org/Accommodation/Cottages-Holiday-Houses/View/_f0ad6676d6cadb0853e610c8/Holiday-Shacks-Luxury-Accommodation,contact
Jellis Craig ShortStays,Cottages + Holiday Houses,0436643101,bookings@jelliscraigshortstays.com.au,https://www.jelliscraigshortstays.com.au,https://www.visitmorningtonpeninsula.org/Accommodation/Cottages-Holiday-Houses/View/_3f8038ade097c8b7a1cd177/Jellis-Craig-ShortStays,contact
Ocean Blue Coastal Retreats,Cottages + Holiday Houses,0397754015,info@oceanbluecoastalretreats.com.au,https://www.oceanbluecoastalretreats.com.au/,https://www.visitmorningtonpeninsula.org/Accommodation/Cottages-Holiday-Houses/View/56b25628d270154b45555fbd/Ocean-Blue-Coastal-Retreats,contact
Peachy Properties,Cottages + Holiday Houses,0359104312,hello@peachyproperties.com.au,https://www.peachyproperties.com.au/,https://www.visitmorningtonpeninsula.org/Accommodation/Cottages-Holiday-Houses/View/_7715e4876b23df088b020ebc/Peachy-Properties,contact
The Cape Retreat,Cottages + Holiday Houses,0409418549,info@thecapehomehotel.com.au,https://www.thecapehomehotel.com.au/,https://www.visitmorningtonpeninsula.org/Accommodation/Cottages-Holiday-Houses/View/_471a1c217b21fc061546298/The-Cape-Retreat,contact
Fairways Resort,Resorts,,,,https://www.visitmorningtonpeninsula.org/Accommodation/Resorts/View/_97539cedb10920b612c450f/Fairways-Resort,no_contact
Peninsula Kingswood Country Golf Club,Resorts,0397892222,reception@peninsulakingswood.com.au,http://www.peninsulakingswood.com.au/cms/,https://www.visitmorningtonpeninsula.org/Accommodation/Resorts/View/56b24e75b042386245d5653d/Peninsula-Kingswood-Country-Golf-Club,contact
Peppers Moonah Links Resort,Resorts,0359882000,reception@moonahlinks.com.au,https://www.moonahlinks.com.au,https://www.visitmorningtonpeninsula.org/Accommodation/Resorts/View/56d3a26d4fbcb73840f381b8/Peppers-Moonah-Links-Resort,contact
Peninsula Hot Springs - Eco Lodges,Retreats-Lodges,0359508777,info@peninsulahotsprings.com,https://www.peninsulahotsprings.com/accommodation/eco-lodges,https://www.visitmorningtonpeninsula.org/Accommodation/Retreats-Lodges/View/66d64eb66935c10a6512b7af/Peninsula-Hot-Springs-Eco-Lodges,contact
The Links Lodge at The Dunes,Retreats-Lodges,0359851334,stay@thedunes.com.au,https://thedunes.com.au/boutique-accommodation-mornington-peninsula-golf/,https://www.visitmorningtonpeninsula.org/Accommodation/Retreats-Lodges/View/64938aab0e81412f2195bdfd/The-Links-Lodge-at-The-Dunes,contact
The Sanctuary at Alba Thermal Springs & Spa,Retreats-Lodges,0359300800,thesanctuary@albathermalsprings.com.au,https://albathermalsprings.com.au/alba-experiences/the-sanctuary/,https://www.visitmorningtonpeninsula.org/Accommodation/Retreats-Lodges/View/_a23b21c8b9acdd08a9c6cab9/The-Sanctuary-at-Alba-Thermal-Springs-Spa,contact
Portsea Village Resort,Self-Contained,0359848484,admin@portsea-apartments.com.au,https://www.portsea-apartments.com.au/,https://www.visitmorningtonpeninsula.org/Accommodation/Self-Contained/View/_ed425e532819df08db137355/Portsea-Village-Resort,contact
Jackalope Mornington Peninsula,Vineyard-Farm-Stay,0359312500,sleep@jackalopehotels.com,https://www.jackalopehotels.com/,https://www.visitmorningtonpeninsula.org/Accommodation/Vineyard-Farm-Stay/View/592b6c0c023287a238e5fa72/Jackalope-Mornington-Peninsula,contact
Lancemore Lindenderry Red Hill,Vineyard-Farm-Stay,0359892933,bookings.redhill@lancemore.com.au,https://lancemore.com.au/properties/lancemore-lindenderry-red-hill/,https://www.visitmorningtonpeninsula.org/Accommodation/Vineyard-Farm-Stay/View/56b24d88d270154b4554e86b/Lancemore-Lindenderry-Red-Hill,contact
